"Source:","D:\job\Project_silos\KiCad\SilosProject\SilosProject.kicad_sch"
"Date:","20.12.2022 10:59:14"
"Tool:","Eeschema (6.0.9)"
"Generator:","C:\Program Files\KiCad\6.0\bin\scripting\plugins/bom_csv_grouped_by_value.py"
"Component Count:","617"

"Individual Components:"

"Item","Qty","Reference(s)","Value","LibPart","Footprint","Datasheet"
"","","A1","USR-TCP232-T2","MY_COMPONENTS:USR-TCP232-T2","MY_LIBRARYS:USR-TCP232-T2_MODUL","https://www.pusr.com/download/M0/USR-TCP232-T2-User-Manual-V1.1.pdf"
"","","C1","100nF","Device:C","Capacitor_SMD:C_0805_2012Metric","~"
"","","C2","100nF","Device:C","Capacitor_SMD:C_0805_2012Metric","~"
"","","C3","4.7uF","Device:C","Capacitor_SMD:C_0805_2012Metric","~"
"","","C4","100nF","Device:C","Capacitor_SMD:C_0805_2012Metric","~"
"","","C5","100nF","Device:C","Capacitor_SMD:C_0805_2012Metric","~"
"","","C6","100nF","Device:C","Capacitor_SMD:C_0805_2012Metric","~"
"","","C7","100nF","Device:C","Capacitor_SMD:C_0805_2012Metric","~"
"","","C8","100nF","Device:C","Capacitor_SMD:C_0805_2012Metric","~"
"","","C9","100nF","Device:C","Capacitor_SMD:C_0805_2012Metric","~"
"","","C10","1uF","Device:C","Capacitor_SMD:C_0805_2012Metric","~"
"","","C11","10nF","Device:C","Capacitor_SMD:C_0805_2012Metric","~"
"","","C12","100nF","Device:C","Capacitor_SMD:C_0805_2012Metric","~"
"","","C13","100nF","Device:C","Capacitor_SMD:C_0805_2012Metric","~"
"","","C14","100nF","Device:C","Capacitor_SMD:C_0805_2012Metric","~"
"","","C15","100nF","Device:C","Capacitor_SMD:C_0805_2012Metric","~"
"","","C16","220uF, 10V","Device:C_Polarized","Capacitor_THT:C_Radial_D6.3mm_H11.0mm_P2.50mm","~"
"","","C17","220uF 50V","Device:C_Polarized","Capacitor_THT:C_Radial_D10.0mm_H12.5mm_P5.00mm","~"
"","","C18","100nF","Device:C","Capacitor_SMD:C_0805_2012Metric","~"
"","","C19","220uF 10V","Device:C_Polarized","Capacitor_THT:C_Radial_D6.3mm_H11.0mm_P2.50mm","~"
"","","C20","100nF","Device:C","Capacitor_SMD:C_0805_2012Metric","~"
"","","D1","1N4007","Diode:1N4007","Diode_THT:D_DO-41_SOD81_P10.16mm_Horizontal","http://www.vishay.com/docs/88503/1n4001.pdf"
"","","D2","1N4007","Diode:1N4007","Diode_THT:D_DO-41_SOD81_P10.16mm_Horizontal","http://www.vishay.com/docs/88503/1n4001.pdf"
"","","D3","1N4007","Diode:1N4007","Diode_THT:D_DO-41_SOD81_P10.16mm_Horizontal","http://www.vishay.com/docs/88503/1n4001.pdf"
"","","D4","1N4007","Diode:1N4007","Diode_THT:D_DO-41_SOD81_P10.16mm_Horizontal","http://www.vishay.com/docs/88503/1n4001.pdf"
"","","D5","1N4007","Diode:1N4007","Diode_THT:D_DO-41_SOD81_P10.16mm_Horizontal","http://www.vishay.com/docs/88503/1n4001.pdf"
"","","D6","1N4007","Diode:1N4007","Diode_THT:D_DO-41_SOD81_P10.16mm_Horizontal","http://www.vishay.com/docs/88503/1n4001.pdf"
"","","D7","1N4007","Diode:1N4007","Diode_THT:D_DO-41_SOD81_P10.16mm_Horizontal","http://www.vishay.com/docs/88503/1n4001.pdf"
"","","D8","1N4007","Diode:1N4007","Diode_THT:D_DO-41_SOD81_P10.16mm_Horizontal","http://www.vishay.com/docs/88503/1n4001.pdf"
"","","D9","1N4007","Diode:1N4007","Diode_THT:D_DO-41_SOD81_P10.16mm_Horizontal","http://www.vishay.com/docs/88503/1n4001.pdf"
"","","D10","1N4007","Diode:1N4007","Diode_THT:D_DO-41_SOD81_P10.16mm_Horizontal","http://www.vishay.com/docs/88503/1n4001.pdf"
"","","D11","1N4007","Diode:1N4007","Diode_THT:D_DO-41_SOD81_P10.16mm_Horizontal","http://www.vishay.com/docs/88503/1n4001.pdf"
"","","D12","1N4007","Diode:1N4007","Diode_THT:D_DO-41_SOD81_P10.16mm_Horizontal","http://www.vishay.com/docs/88503/1n4001.pdf"
"","","D13","1N4007","Diode:1N4007","Diode_THT:D_DO-41_SOD81_P10.16mm_Horizontal","http://www.vishay.com/docs/88503/1n4001.pdf"
"","","D14","1N4007","Diode:1N4007","Diode_THT:D_DO-41_SOD81_P10.16mm_Horizontal","http://www.vishay.com/docs/88503/1n4001.pdf"
"","","D15","1N4007","Diode:1N4007","Diode_THT:D_DO-41_SOD81_P10.16mm_Horizontal","http://www.vishay.com/docs/88503/1n4001.pdf"
"","","D16","1N4007","Diode:1N4007","Diode_THT:D_DO-41_SOD81_P10.16mm_Horizontal","http://www.vishay.com/docs/88503/1n4001.pdf"
"","","D17","1N4007","Diode:1N4007","Diode_THT:D_DO-41_SOD81_P10.16mm_Horizontal","http://www.vishay.com/docs/88503/1n4001.pdf"
"","","D18","1N4007","Diode:1N4007","Diode_THT:D_DO-41_SOD81_P10.16mm_Horizontal","http://www.vishay.com/docs/88503/1n4001.pdf"
"","","D19","1N4007","Diode:1N4007","Diode_THT:D_DO-41_SOD81_P10.16mm_Horizontal","http://www.vishay.com/docs/88503/1n4001.pdf"
"","","D20","1N4007","Diode:1N4007","Diode_THT:D_DO-41_SOD81_P10.16mm_Horizontal","http://www.vishay.com/docs/88503/1n4001.pdf"
"","","D21","1N4007","Diode:1N4007","Diode_THT:D_DO-41_SOD81_P10.16mm_Horizontal","http://www.vishay.com/docs/88503/1n4001.pdf"
"","","D22","1N4007","Diode:1N4007","Diode_THT:D_DO-41_SOD81_P10.16mm_Horizontal","http://www.vishay.com/docs/88503/1n4001.pdf"
"","","D23","1N4007","Diode:1N4007","Diode_THT:D_DO-41_SOD81_P10.16mm_Horizontal","http://www.vishay.com/docs/88503/1n4001.pdf"
"","","D24","1N4007","Diode:1N4007","Diode_THT:D_DO-41_SOD81_P10.16mm_Horizontal","http://www.vishay.com/docs/88503/1n4001.pdf"
"","","D25","S5M","Device:D","Diode_SMD:D_SMC","~"
"","","D26","BZX55-C7V5","Device:D_Zener","Diode_SMD:D_SOD-123","~"
"","","D27","1N4007","Diode:1N4007","Diode_THT:D_DO-41_SOD81_P10.16mm_Horizontal","http://www.vishay.com/docs/88503/1n4001.pdf"
"","","D28","1N4007","Diode:1N4007","Diode_THT:D_DO-41_SOD81_P10.16mm_Horizontal","http://www.vishay.com/docs/88503/1n4001.pdf"
"","","D29","1N4007","Diode:1N4007","Diode_THT:D_DO-41_SOD81_P10.16mm_Horizontal","http://www.vishay.com/docs/88503/1n4001.pdf"
"","","D30","1N4007","Diode:1N4007","Diode_THT:D_DO-41_SOD81_P10.16mm_Horizontal","http://www.vishay.com/docs/88503/1n4001.pdf"
"","","D31","1N4007","Diode:1N4007","Diode_THT:D_DO-41_SOD81_P10.16mm_Horizontal","http://www.vishay.com/docs/88503/1n4001.pdf"
"","","D32","LED_GREEN_3mm","LED:IR204A","LED_THT:LED_D3.0mm","http://www.everlight.com/file/ProductFile/IR204-A.pdf"
"","","D33","BZX55-C5V1","Device:D_Zener","Diode_THT:D_DO-35_SOD27_P2.54mm_Vertical_AnodeUp","~"
"","","D34","LED_GREEN_3mm","LED:IR204A","LED_THT:LED_D3.0mm","http://www.everlight.com/file/ProductFile/IR204-A.pdf"
"","","D35","BZX55-C5V1","Device:D_Zener","Diode_THT:D_DO-35_SOD27_P2.54mm_Vertical_AnodeUp","~"
"","","D36","LED_GREEN_3mm","LED:IR204A","LED_THT:LED_D3.0mm","http://www.everlight.com/file/ProductFile/IR204-A.pdf"
"","","D37","BZX55-C5V1","Device:D_Zener","Diode_THT:D_DO-35_SOD27_P2.54mm_Vertical_AnodeUp","~"
"","","D38","1N4007","Diode:1N4007","Diode_THT:D_DO-41_SOD81_P10.16mm_Horizontal","http://www.vishay.com/docs/88503/1n4001.pdf"
"","","D39","1N4007","Diode:1N4007","Diode_THT:D_DO-41_SOD81_P10.16mm_Horizontal","http://www.vishay.com/docs/88503/1n4001.pdf"
"","","D40","1N4007","Diode:1N4007","Diode_THT:D_DO-41_SOD81_P10.16mm_Horizontal","http://www.vishay.com/docs/88503/1n4001.pdf"
"","","D41","LED_GREEN_3mm","LED:IR204A","LED_THT:LED_D3.0mm","http://www.everlight.com/file/ProductFile/IR204-A.pdf"
"","","D42","BZX55-C5V1","Device:D_Zener","Diode_THT:D_DO-35_SOD27_P2.54mm_Vertical_AnodeUp","~"
"","","D43","LED_GREEN_3mm","LED:IR204A","LED_THT:LED_D3.0mm","http://www.everlight.com/file/ProductFile/IR204-A.pdf"
"","","D44","BZX55-C5V1","Device:D_Zener","Diode_THT:D_DO-35_SOD27_P2.54mm_Vertical_AnodeUp","~"
"","","D45","LED_GREEN_3mm","LED:IR204A","LED_THT:LED_D3.0mm","http://www.everlight.com/file/ProductFile/IR204-A.pdf"
"","","D46","BZX55-C5V1","Device:D_Zener","Diode_THT:D_DO-35_SOD27_P2.54mm_Vertical_AnodeUp","~"
"","","D47","1N4007","Diode:1N4007","Diode_THT:D_DO-41_SOD81_P10.16mm_Horizontal","http://www.vishay.com/docs/88503/1n4001.pdf"
"","","D48","1N4007","Diode:1N4007","Diode_THT:D_DO-41_SOD81_P10.16mm_Horizontal","http://www.vishay.com/docs/88503/1n4001.pdf"
"","","D49","1N4007","Diode:1N4007","Diode_THT:D_DO-41_SOD81_P10.16mm_Horizontal","http://www.vishay.com/docs/88503/1n4001.pdf"
"","","D50","LED_GREEN_3mm","LED:IR204A","LED_THT:LED_D3.0mm","http://www.everlight.com/file/ProductFile/IR204-A.pdf"
"","","D51","BZX55-C5V1","Device:D_Zener","Diode_THT:D_DO-35_SOD27_P2.54mm_Vertical_AnodeUp","~"
"","","D52","LED_GREEN_3mm","LED:IR204A","LED_THT:LED_D3.0mm","http://www.everlight.com/file/ProductFile/IR204-A.pdf"
"","","D53","BZX55-C5V1","Device:D_Zener","Diode_THT:D_DO-35_SOD27_P2.54mm_Vertical_AnodeUp","~"
"","","D54","LED_GREEN_3mm","LED:IR204A","LED_THT:LED_D3.0mm","http://www.everlight.com/file/ProductFile/IR204-A.pdf"
"","","D55","BZX55-C5V1","Device:D_Zener","Diode_THT:D_DO-35_SOD27_P2.54mm_Vertical_AnodeUp","~"
"","","D56","1N4007","Diode:1N4007","Diode_THT:D_DO-41_SOD81_P10.16mm_Horizontal","http://www.vishay.com/docs/88503/1n4001.pdf"
"","","D57","1N4007","Diode:1N4007","Diode_THT:D_DO-41_SOD81_P10.16mm_Horizontal","http://www.vishay.com/docs/88503/1n4001.pdf"
"","","D58","1N4007","Diode:1N4007","Diode_THT:D_DO-41_SOD81_P10.16mm_Horizontal","http://www.vishay.com/docs/88503/1n4001.pdf"
"","","D59","LED_GREEN_3mm","LED:IR204A","LED_THT:LED_D3.0mm","http://www.everlight.com/file/ProductFile/IR204-A.pdf"
"","","D60","BZX55-C5V1","Device:D_Zener","Diode_THT:D_DO-35_SOD27_P2.54mm_Vertical_AnodeUp","~"
"","","D61","LED_GREEN_3mm","LED:IR204A","LED_THT:LED_D3.0mm","http://www.everlight.com/file/ProductFile/IR204-A.pdf"
"","","D62","BZX55-C5V1","Device:D_Zener","Diode_THT:D_DO-35_SOD27_P2.54mm_Vertical_AnodeUp","~"
"","","D63","LED_GREEN_3mm","LED:IR204A","LED_THT:LED_D3.0mm","http://www.everlight.com/file/ProductFile/IR204-A.pdf"
"","","D64","BZX55-C5V1","Device:D_Zener","Diode_THT:D_DO-35_SOD27_P2.54mm_Vertical_AnodeUp","~"
"","","D65","1N4007","Diode:1N4007","Diode_THT:D_DO-41_SOD81_P10.16mm_Horizontal","http://www.vishay.com/docs/88503/1n4001.pdf"
"","","D66","LED_GREEN_3mm","LED:IR204A","LED_THT:LED_D3.0mm","http://www.everlight.com/file/ProductFile/IR204-A.pdf"
"","","D67","BZX55-C5V1","Device:D_Zener","Diode_THT:D_DO-35_SOD27_P2.54mm_Vertical_AnodeUp","~"
"","","D68","1N4007","Diode:1N4007","Diode_THT:D_DO-41_SOD81_P10.16mm_Horizontal","http://www.vishay.com/docs/88503/1n4001.pdf"
"","","D69","1N4007","Diode:1N4007","Diode_THT:D_DO-41_SOD81_P10.16mm_Horizontal","http://www.vishay.com/docs/88503/1n4001.pdf"
"","","D70","1N4007","Diode:1N4007","Diode_THT:D_DO-41_SOD81_P10.16mm_Horizontal","http://www.vishay.com/docs/88503/1n4001.pdf"
"","","D71","IR204A","LED:IR204A","LED_THT:LED_D3.0mm_IRBlack","http://www.everlight.com/file/ProductFile/IR204-A.pdf"
"","","D72","BZX55-C5V1","Device:D_Zener","Diode_THT:D_DO-35_SOD27_P2.54mm_Vertical_AnodeUp","~"
"","","D73","LED_GREEN_3mm","LED:IR204A","LED_THT:LED_D3.0mm","http://www.everlight.com/file/ProductFile/IR204-A.pdf"
"","","D74","BZX55-C5V1","Device:D_Zener","Diode_THT:D_DO-35_SOD27_P2.54mm_Vertical_AnodeUp","~"
"","","D75","LED_GREEN_3mm","LED:IR204A","LED_THT:LED_D3.0mm","http://www.everlight.com/file/ProductFile/IR204-A.pdf"
"","","D76","BZX55-C5V1","Device:D_Zener","Diode_THT:D_DO-35_SOD27_P2.54mm_Vertical_AnodeUp","~"
"","","D77","1N4007","Diode:1N4007","Diode_THT:D_DO-41_SOD81_P10.16mm_Horizontal","http://www.vishay.com/docs/88503/1n4001.pdf"
"","","D78","1N4007","Diode:1N4007","Diode_THT:D_DO-41_SOD81_P10.16mm_Horizontal","http://www.vishay.com/docs/88503/1n4001.pdf"
"","","D79","1N4007","Diode:1N4007","Diode_THT:D_DO-41_SOD81_P10.16mm_Horizontal","http://www.vishay.com/docs/88503/1n4001.pdf"
"","","D80","LED_GREEN_3mm","LED:IR204A","LED_THT:LED_D3.0mm","http://www.everlight.com/file/ProductFile/IR204-A.pdf"
"","","D81","BZX55-C5V1","Device:D_Zener","Diode_THT:D_DO-35_SOD27_P2.54mm_Vertical_AnodeUp","~"
"","","D82","LED_GREEN_3mm","LED:IR204A","LED_THT:LED_D3.0mm","http://www.everlight.com/file/ProductFile/IR204-A.pdf"
"","","D83","BZX55-C5V1","Device:D_Zener","Diode_THT:D_DO-35_SOD27_P2.54mm_Vertical_AnodeUp","~"
"","","D84","LED_GREEN_3mm","LED:IR204A","LED_THT:LED_D3.0mm","http://www.everlight.com/file/ProductFile/IR204-A.pdf"
"","","D85","BZX55-C5V1","Device:D_Zener","Diode_THT:D_DO-35_SOD27_P2.54mm_Vertical_AnodeUp","~"
"","","D86","1N4007","Diode:1N4007","Diode_THT:D_DO-41_SOD81_P10.16mm_Horizontal","http://www.vishay.com/docs/88503/1n4001.pdf"
"","","D87","1N4007","Diode:1N4007","Diode_THT:D_DO-41_SOD81_P10.16mm_Horizontal","http://www.vishay.com/docs/88503/1n4001.pdf"
"","","D88","1N4007","Diode:1N4007","Diode_THT:D_DO-41_SOD81_P10.16mm_Horizontal","http://www.vishay.com/docs/88503/1n4001.pdf"
"","","D89","LED_GREEN_3mm","LED:IR204A","LED_THT:LED_D3.0mm","http://www.everlight.com/file/ProductFile/IR204-A.pdf"
"","","D90","BZX55-C5V1","Device:D_Zener","Diode_THT:D_DO-35_SOD27_P2.54mm_Vertical_AnodeUp","~"
"","","D91","LED_GREEN_3mm","LED:IR204A","LED_THT:LED_D3.0mm","http://www.everlight.com/file/ProductFile/IR204-A.pdf"
"","","D92","BZX55-C5V1","Device:D_Zener","Diode_THT:D_DO-35_SOD27_P2.54mm_Vertical_AnodeUp","~"
"","","D93","LED_GREEN_3mm","LED:IR204A","LED_THT:LED_D3.0mm","http://www.everlight.com/file/ProductFile/IR204-A.pdf"
"","","D94","BZX55-C5V1","Device:D_Zener","Diode_THT:D_DO-35_SOD27_P2.54mm_Vertical_AnodeUp","~"
"","","D95","1N4007","Diode:1N4007","Diode_THT:D_DO-41_SOD81_P10.16mm_Horizontal","http://www.vishay.com/docs/88503/1n4001.pdf"
"","","D96","1N4007","Diode:1N4007","Diode_THT:D_DO-41_SOD81_P10.16mm_Horizontal","http://www.vishay.com/docs/88503/1n4001.pdf"
"","","D97","1N4007","Diode:1N4007","Diode_THT:D_DO-41_SOD81_P10.16mm_Horizontal","http://www.vishay.com/docs/88503/1n4001.pdf"
"","","D98","LED_GREEN_3mm","LED:IR204A","LED_THT:LED_D3.0mm","http://www.everlight.com/file/ProductFile/IR204-A.pdf"
"","","D99","BZX55-C5V1","Device:D_Zener","Diode_THT:D_DO-35_SOD27_P2.54mm_Vertical_AnodeUp","~"
"","","D100","LED_GREEN_3mm","LED:IR204A","LED_THT:LED_D3.0mm","http://www.everlight.com/file/ProductFile/IR204-A.pdf"
"","","D101","BZX55-C5V1","Device:D_Zener","Diode_THT:D_DO-35_SOD27_P2.54mm_Vertical_AnodeUp","~"
"","","D102","LED_GREEN_3mm","LED:IR204A","LED_THT:LED_D3.0mm","http://www.everlight.com/file/ProductFile/IR204-A.pdf"
"","","D103","BZX55-C5V1","Device:D_Zener","Diode_THT:D_DO-35_SOD27_P2.54mm_Vertical_AnodeUp","~"
"","","D104","1N4007","Diode:1N4007","Diode_THT:D_DO-41_SOD81_P10.16mm_Horizontal","http://www.vishay.com/docs/88503/1n4001.pdf"
"","","D105","LED_GREEN_3mm","LED:IR204A","LED_THT:LED_D3.0mm","http://www.everlight.com/file/ProductFile/IR204-A.pdf"
"","","D106","BZX55-C5V1","Device:D_Zener","Diode_THT:D_DO-35_SOD27_P2.54mm_Vertical_AnodeUp","~"
"","","D107","1N4007","Diode:1N4007","Diode_THT:D_DO-41_SOD81_P10.16mm_Horizontal","http://www.vishay.com/docs/88503/1n4001.pdf"
"","","D108","1N4007","Diode:1N4007","Diode_THT:D_DO-41_SOD81_P10.16mm_Horizontal","http://www.vishay.com/docs/88503/1n4001.pdf"
"","","D109","1N4007","Diode:1N4007","Diode_THT:D_DO-41_SOD81_P10.16mm_Horizontal","http://www.vishay.com/docs/88503/1n4001.pdf"
"","","D110","LED_GREEN_3mm","LED:IR204A","LED_THT:LED_D3.0mm","http://www.everlight.com/file/ProductFile/IR204-A.pdf"
"","","D111","BZX55-C5V1","Device:D_Zener","Diode_THT:D_DO-35_SOD27_P2.54mm_Vertical_AnodeUp","~"
"","","D112","LED_GREEN_3mm","LED:IR204A","LED_THT:LED_D3.0mm","http://www.everlight.com/file/ProductFile/IR204-A.pdf"
"","","D113","BZX55-C5V1","Device:D_Zener","Diode_THT:D_DO-35_SOD27_P2.54mm_Vertical_AnodeUp","~"
"","","D114","LED_GREEN_3mm","LED:IR204A","LED_THT:LED_D3.0mm","http://www.everlight.com/file/ProductFile/IR204-A.pdf"
"","","D115","BZX55-C5V1","Device:D_Zener","Diode_THT:D_DO-35_SOD27_P2.54mm_Vertical_AnodeUp","~"
"","","D116","1N4007","Diode:1N4007","Diode_THT:D_DO-41_SOD81_P10.16mm_Horizontal","http://www.vishay.com/docs/88503/1n4001.pdf"
"","","D117","1N4007","Diode:1N4007","Diode_THT:D_DO-41_SOD81_P10.16mm_Horizontal","http://www.vishay.com/docs/88503/1n4001.pdf"
"","","D118","1N4007","Diode:1N4007","Diode_THT:D_DO-41_SOD81_P10.16mm_Horizontal","http://www.vishay.com/docs/88503/1n4001.pdf"
"","","D119","LED_GREEN_3mm","LED:IR204A","LED_THT:LED_D3.0mm","http://www.everlight.com/file/ProductFile/IR204-A.pdf"
"","","D120","BZX55-C5V1","Device:D_Zener","Diode_THT:D_DO-35_SOD27_P2.54mm_Vertical_AnodeUp","~"
"","","D121","LED_GREEN_3mm","LED:IR204A","LED_THT:LED_D3.0mm","http://www.everlight.com/file/ProductFile/IR204-A.pdf"
"","","D122","BZX55-C5V1","Device:D_Zener","Diode_THT:D_DO-35_SOD27_P2.54mm_Vertical_AnodeUp","~"
"","","D123","LED_GREEN_3mm","LED:IR204A","LED_THT:LED_D3.0mm","http://www.everlight.com/file/ProductFile/IR204-A.pdf"
"","","D124","BZX55-C5V1","Device:D_Zener","Diode_THT:D_DO-35_SOD27_P2.54mm_Vertical_AnodeUp","~"
"","","D125","1N4007","Diode:1N4007","Diode_THT:D_DO-41_SOD81_P10.16mm_Horizontal","http://www.vishay.com/docs/88503/1n4001.pdf"
"","","D126","1N4007","Diode:1N4007","Diode_THT:D_DO-41_SOD81_P10.16mm_Horizontal","http://www.vishay.com/docs/88503/1n4001.pdf"
"","","D127","1N4007","Diode:1N4007","Diode_THT:D_DO-41_SOD81_P10.16mm_Horizontal","http://www.vishay.com/docs/88503/1n4001.pdf"
"","","D128","LED_GREEN_3mm","LED:IR204A","LED_THT:LED_D3.0mm","http://www.everlight.com/file/ProductFile/IR204-A.pdf"
"","","D129","BZX55-C5V1","Device:D_Zener","Diode_THT:D_DO-35_SOD27_P2.54mm_Vertical_AnodeUp","~"
"","","D130","LED_GREEN_3mm","LED:IR204A","LED_THT:LED_D3.0mm","http://www.everlight.com/file/ProductFile/IR204-A.pdf"
"","","D131","BZX55-C5V1","Device:D_Zener","Diode_THT:D_DO-35_SOD27_P2.54mm_Vertical_AnodeUp","~"
"","","D132","LED_GREEN_3mm","LED:IR204A","LED_THT:LED_D3.0mm","http://www.everlight.com/file/ProductFile/IR204-A.pdf"
"","","D133","BZX55-C5V1","Device:D_Zener","Diode_THT:D_DO-35_SOD27_P2.54mm_Vertical_AnodeUp","~"
"","","D134","1N4007","Diode:1N4007","Diode_THT:D_DO-41_SOD81_P10.16mm_Horizontal","http://www.vishay.com/docs/88503/1n4001.pdf"
"","","D135","1N4007","Diode:1N4007","Diode_THT:D_DO-41_SOD81_P10.16mm_Horizontal","http://www.vishay.com/docs/88503/1n4001.pdf"
"","","D136","1N4007","Diode:1N4007","Diode_THT:D_DO-41_SOD81_P10.16mm_Horizontal","http://www.vishay.com/docs/88503/1n4001.pdf"
"","","D137","LED_GREEN_3mm","LED:IR204A","LED_THT:LED_D3.0mm","http://www.everlight.com/file/ProductFile/IR204-A.pdf"
"","","D138","BZX55-C5V1","Device:D_Zener","Diode_THT:D_DO-35_SOD27_P2.54mm_Vertical_AnodeUp","~"
"","","D139","LED_GREEN_3mm","LED:IR204A","LED_THT:LED_D3.0mm","http://www.everlight.com/file/ProductFile/IR204-A.pdf"
"","","D140","BZX55-C5V1","Device:D_Zener","Diode_THT:D_DO-35_SOD27_P2.54mm_Vertical_AnodeUp","~"
"","","D141","LED_GREEN_3mm","LED:IR204A","LED_THT:LED_D3.0mm","http://www.everlight.com/file/ProductFile/IR204-A.pdf"
"","","D142","BZX55-C5V1","Device:D_Zener","Diode_THT:D_DO-35_SOD27_P2.54mm_Vertical_AnodeUp","~"
"","","D143","1N4007","Diode:1N4007","Diode_THT:D_DO-41_SOD81_P10.16mm_Horizontal","http://www.vishay.com/docs/88503/1n4001.pdf"
"","","D144","LED_GREEN_3mm","LED:IR204A","LED_THT:LED_D3.0mm","http://www.everlight.com/file/ProductFile/IR204-A.pdf"
"","","D145","BZX55-C5V1","Device:D_Zener","Diode_THT:D_DO-35_SOD27_P2.54mm_Vertical_AnodeUp","~"
"","","D146","1N4007","Diode:1N4007","Diode_THT:D_DO-41_SOD81_P10.16mm_Horizontal","http://www.vishay.com/docs/88503/1n4001.pdf"
"","","D147","1N4007","Diode:1N4007","Diode_THT:D_DO-41_SOD81_P10.16mm_Horizontal","http://www.vishay.com/docs/88503/1n4001.pdf"
"","","D148","LED_GREEN_3mm","LED:IR204A","LED_THT:LED_D3.0mm","http://www.everlight.com/file/ProductFile/IR204-A.pdf"
"","","D149","BZX55-C5V1","Device:D_Zener","Diode_THT:D_DO-35_SOD27_P2.54mm_Vertical_AnodeUp","~"
"","","D150","LED_GREEN_3mm","LED:IR204A","LED_THT:LED_D3.0mm","http://www.everlight.com/file/ProductFile/IR204-A.pdf"
"","","D151","BZX55-C5V1","Device:D_Zener","Diode_THT:D_DO-35_SOD27_P2.54mm_Vertical_AnodeUp","~"
"","","D152","LED_GREEN_3mm","Device:LED","LED_THT:LED_D3.0mm","~"
"","","D153","LED_GREEN_3mm","Device:LED","LED_THT:LED_D3.0mm","~"
"","","D154","1N4007","Diode:1N4007","Diode_THT:D_DO-41_SOD81_P10.16mm_Horizontal","http://www.vishay.com/docs/88503/1n4001.pdf"
"","","D155","1N4007","Diode:1N4007","Diode_THT:D_DO-41_SOD81_P10.16mm_Horizontal","http://www.vishay.com/docs/88503/1n4001.pdf"
"","","D156","LED_GREEN_3mm","LED:IR204A","LED_THT:LED_D3.0mm","http://www.everlight.com/file/ProductFile/IR204-A.pdf"
"","","D157","BZX55-C5V1","Device:D_Zener","Diode_THT:D_DO-35_SOD27_P2.54mm_Vertical_AnodeUp","~"
"","","D158","LED_GREEN_3mm","LED:IR204A","LED_THT:LED_D3.0mm","http://www.everlight.com/file/ProductFile/IR204-A.pdf"
"","","D159","BZX55-C5V1","Device:D_Zener","Diode_THT:D_DO-35_SOD27_P2.54mm_Vertical_AnodeUp","~"
"","","D160","LED_GREEN_3mm","Device:LED","LED_THT:LED_D3.0mm","~"
"","","D161","LED_GREEN_3mm","Device:LED","LED_THT:LED_D3.0mm","~"
"","","D162","1N4007","Diode:1N4007","Diode_THT:D_DO-41_SOD81_P10.16mm_Horizontal","http://www.vishay.com/docs/88503/1n4001.pdf"
"","","D163","1N4007","Diode:1N4007","Diode_THT:D_DO-41_SOD81_P10.16mm_Horizontal","http://www.vishay.com/docs/88503/1n4001.pdf"
"","","D164","LED_GREEN_3mm","LED:IR204A","LED_THT:LED_D3.0mm","http://www.everlight.com/file/ProductFile/IR204-A.pdf"
"","","D165","BZX55-C5V1","Device:D_Zener","Diode_THT:D_DO-35_SOD27_P2.54mm_Vertical_AnodeUp","~"
"","","D166","LED_GREEN_3mm","LED:IR204A","LED_THT:LED_D3.0mm","http://www.everlight.com/file/ProductFile/IR204-A.pdf"
"","","D167","BZX55-C5V1","Device:D_Zener","Diode_THT:D_DO-35_SOD27_P2.54mm_Vertical_AnodeUp","~"
"","","D168","LED_GREEN_3mm","Device:LED","LED_THT:LED_D3.0mm","~"
"","","D169","LED_GREEN_3mm","Device:LED","LED_THT:LED_D3.0mm","~"
"","","D170","1N4007","Diode:1N4007","Diode_THT:D_DO-41_SOD81_P10.16mm_Horizontal","http://www.vishay.com/docs/88503/1n4001.pdf"
"","","D171","LED_GREEN_3mm","Device:LED","LED_THT:LED_D3.0mm","~"
"","","D172","LED_GREEN_3mm","LED:IR204A","LED_THT:LED_D3.0mm","http://www.everlight.com/file/ProductFile/IR204-A.pdf"
"","","D173","BZX55-C5V1","Device:D_Zener","Diode_THT:D_DO-35_SOD27_P2.54mm_Vertical_AnodeUp","~"
"","","D174","LED_GREEN_3mm","Device:LED","LED_THT:LED_D3.0mm","~"
"","","D175","LED_GREEN_3mm","Device:LED","LED_THT:LED_D3.0mm","~"
"","","D176","1N4007","Diode:1N4007","Diode_THT:D_DO-41_SOD81_P10.16mm_Horizontal","http://www.vishay.com/docs/88503/1n4001.pdf"
"","","D177","LED_GREEN_3mm","Device:LED","LED_THT:LED_D3.0mm","~"
"","","D178","LED_GREEN_3mm","LED:IR204A","LED_THT:LED_D3.0mm","http://www.everlight.com/file/ProductFile/IR204-A.pdf"
"","","D179","BZX55-C5V1","Device:D_Zener","Diode_THT:D_DO-35_SOD27_P2.54mm_Vertical_AnodeUp","~"
"","","D180","LED_GREEN_3mm","Device:LED","LED_THT:LED_D3.0mm","~"
"","","D181","LED_GREEN_3mm","Device:LED","LED_THT:LED_D3.0mm","~"
"","","D182","LED_GREEN_3mm","Device:LED","LED_THT:LED_D3.0mm","~"
"","","D183","LED_GREEN_3mm","Device:LED","LED_THT:LED_D3.0mm","~"
"","","D184","LED_GREEN_3mm","Device:LED","LED_THT:LED_D3.0mm","~"
"","","D185","LED_GREEN_3mm","Device:LED","LED_THT:LED_D3.0mm","~"
"","","D186","LED_GREEN_3mm","Device:LED","LED_THT:LED_D3.0mm","~"
"","","D187","LED_GREEN_3mm","Device:LED","LED_THT:LED_D3.0mm","~"
"","","D188","LED_GREEN_3mm","Device:LED","LED_THT:LED_D3.0mm","~"
"","","D189","LED_GREEN_3mm","Device:LED","LED_THT:LED_D3.0mm","~"
"","","D190","LED_GREEN_3mm","Device:LED","LED_THT:LED_D3.0mm","~"
"","","D191","LED_GREEN_3mm","Device:LED","LED_THT:LED_D3.0mm","~"
"","","D192","LED_GREEN_3mm","Device:LED","LED_THT:LED_D3.0mm","~"
"","","D193","LED_GREEN_3mm","Device:LED","LED_THT:LED_D3.0mm","~"
"","","D194","LED_GREEN_3mm","Device:LED","LED_THT:LED_D3.0mm","~"
"","","D195","LED_GREEN_3mm","Device:LED","LED_THT:LED_D3.0mm","~"
"","","HS1","Heatsink","Mechanical:Heatsink","Heatsink:Heatsink_AAVID_TV5G_TO220_Horizontal","~"
"","","J1","Screw_Terminal_01x05","Connector:Screw_Terminal_01x05","Connector_PinHeader_2.54mm:PinHeader_1x05_P2.54mm_Vertical","~"
"","","J2","Relay OUT","Connector:Screw_Terminal_01x03","MY_LIBRARYS:DG306-5.0-03P-12-00A","~"
"","","J3","Relay OUT","Connector:Screw_Terminal_01x03","MY_LIBRARYS:DG306-5.0-03P-12-00A","~"
"","","J4","Relay OUT","Connector:Screw_Terminal_01x03","MY_LIBRARYS:DG306-5.0-03P-12-00A","~"
"","","J5","Relay OUT","Connector:Screw_Terminal_01x03","MY_LIBRARYS:DG306-5.0-03P-12-00A","~"
"","","J6","Relay OUT","Connector:Screw_Terminal_01x03","MY_LIBRARYS:DG306-5.0-03P-12-00A","~"
"","","J7","Relay OUT","Connector:Screw_Terminal_01x03","MY_LIBRARYS:DG306-5.0-03P-12-00A","~"
"","","J8","Relay OUT","Connector:Screw_Terminal_01x03","MY_LIBRARYS:DG306-5.0-03P-12-00A","~"
"","","J9","Relay OUT","Connector:Screw_Terminal_01x03","MY_LIBRARYS:DG306-5.0-03P-12-00A","~"
"","","J10","Relay OUT","Connector:Screw_Terminal_01x03","MY_LIBRARYS:DG306-5.0-03P-12-00A","~"
"","","J11","Relay OUT","Connector:Screw_Terminal_01x03","MY_LIBRARYS:DG306-5.0-03P-12-00A","~"
"","","J12","Relay OUT","Connector:Screw_Terminal_01x03","MY_LIBRARYS:DG306-5.0-03P-12-00A","~"
"","","J13","Relay OUT","Connector:Screw_Terminal_01x03","MY_LIBRARYS:DG306-5.0-03P-12-00A","~"
"","","J14","Relay OUT","Connector:Screw_Terminal_01x03","MY_LIBRARYS:DG306-5.0-03P-12-00A","~"
"","","J15","Relay OUT","Connector:Screw_Terminal_01x03","MY_LIBRARYS:DG306-5.0-03P-12-00A","~"
"","","J16","Relay OUT","Connector:Screw_Terminal_01x03","MY_LIBRARYS:DG306-5.0-03P-12-00A","~"
"","","J17","Relay OUT","Connector:Screw_Terminal_01x03","MY_LIBRARYS:DG306-5.0-03P-12-00A","~"
"","","J18","Relay OUT","Connector:Screw_Terminal_01x03","MY_LIBRARYS:DG306-5.0-03P-12-00A","~"
"","","J19","Relay OUT","Connector:Screw_Terminal_01x03","MY_LIBRARYS:DG306-5.0-03P-12-00A","~"
"","","J20","Relay OUT","Connector:Screw_Terminal_01x03","MY_LIBRARYS:DG306-5.0-03P-12-00A","~"
"","","J21","Relay OUT","Connector:Screw_Terminal_01x03","MY_LIBRARYS:DG306-5.0-03P-12-00A","~"
"","","J22","Relay OUT","Connector:Screw_Terminal_01x03","MY_LIBRARYS:DG306-5.0-03P-12-00A","~"
"","","J23","Relay OUT","Connector:Screw_Terminal_01x03","MY_LIBRARYS:DG306-5.0-03P-12-00A","~"
"","","J24","Relay OUT","Connector:Screw_Terminal_01x03","MY_LIBRARYS:DG306-5.0-03P-12-00A","~"
"","","J25","Relay OUT","Connector:Screw_Terminal_01x03","MY_LIBRARYS:DG306-5.0-03P-12-00A","~"
"","","J26","Relay OUT","Connector:Screw_Terminal_01x03","MY_LIBRARYS:DG306-5.0-03P-12-00A","~"
"","","L1","100MHz-600","Device:L","Inductor_SMD:L_0805_2012Metric_Pad1.05x1.20mm_HandSolder","~"
"","","R1","10K","Device:R","Capacitor_SMD:C_0805_2012Metric","~"
"","","R2","0","Device:R","Resistor_SMD:R_0805_2012Metric","~"
"","","R3","0","Device:R","Resistor_SMD:R_0805_2012Metric","~"
"","","R4","100K","Device:R","Resistor_SMD:R_2512_6332Metric","~"
"","","R5","47K","Device:R","Resistor_SMD:R_2512_6332Metric","~"
"","","R6","10K","Device:R","Resistor_SMD:R_0805_2012Metric","~"
"","","R7","10K","Device:R","Resistor_SMD:R_0805_2012Metric","~"
"","","R8","10K","Device:R","Resistor_SMD:R_0805_2012Metric","~"
"","","R9","0","Device:R","Resistor_SMD:R_0805_2012Metric","~"
"","","R10","200","Device:R","Resistor_SMD:R_0805_2012Metric","~"
"","","R11","10K","Device:R","Resistor_SMD:R_2512_6332Metric","~"
"","","R12","0","Device:R","Resistor_SMD:R_0805_2012Metric","~"
"","","R13","200","Device:R","Resistor_SMD:R_0805_2012Metric","~"
"","","R14","10K","Device:R","Resistor_SMD:R_2512_6332Metric","~"
"","","R15","0","Device:R","Resistor_SMD:R_0805_2012Metric","~"
"","","R16","200","Device:R","Resistor_SMD:R_0805_2012Metric","~"
"","","R17","10K","Device:R","Resistor_SMD:R_2512_6332Metric","~"
"","","R18","3.3K","Device:R","Resistor_SMD:R_1206_3216Metric","~"
"","","R19","3.3K","Device:R","Resistor_SMD:R_1206_3216Metric","~"
"","","R20","3.3K","Device:R","Resistor_SMD:R_1206_3216Metric","~"
"","","R21","10K","Device:R","Resistor_SMD:R_0805_2012Metric","~"
"","","R22","10K","Device:R","Resistor_SMD:R_0805_2012Metric","~"
"","","R23","10K","Device:R","Resistor_SMD:R_0805_2012Metric","~"
"","","R24","0","Device:R","Resistor_SMD:R_0805_2012Metric","~"
"","","R25","200","Device:R","Resistor_SMD:R_0805_2012Metric","~"
"","","R26","10K","Device:R","Resistor_SMD:R_2512_6332Metric","~"
"","","R27","0","Device:R","Resistor_SMD:R_0805_2012Metric","~"
"","","R28","200","Device:R","Resistor_SMD:R_0805_2012Metric","~"
"","","R29","10K","Device:R","Resistor_SMD:R_2512_6332Metric","~"
"","","R30","0","Device:R","Resistor_SMD:R_0805_2012Metric","~"
"","","R31","200","Device:R","Resistor_SMD:R_0805_2012Metric","~"
"","","R32","10K","Device:R","Resistor_SMD:R_2512_6332Metric","~"
"","","R33","3.3K","Device:R","Resistor_SMD:R_1206_3216Metric","~"
"","","R34","3.3K","Device:R","Resistor_SMD:R_1206_3216Metric","~"
"","","R35","3.3K","Device:R","Resistor_SMD:R_1206_3216Metric","~"
"","","R36","10K","Device:R","Resistor_SMD:R_0805_2012Metric","~"
"","","R37","10K","Device:R","Resistor_SMD:R_0805_2012Metric","~"
"","","R38","10K","Device:R","Resistor_SMD:R_0805_2012Metric","~"
"","","R39","0","Device:R","Resistor_SMD:R_0805_2012Metric","~"
"","","R40","200","Device:R","Resistor_SMD:R_0805_2012Metric","~"
"","","R41","10K","Device:R","Resistor_SMD:R_2512_6332Metric","~"
"","","R42","0","Device:R","Resistor_SMD:R_0805_2012Metric","~"
"","","R43","200","Device:R","Resistor_SMD:R_0805_2012Metric","~"
"","","R44","10K","Device:R","Resistor_SMD:R_2512_6332Metric","~"
"","","R45","0","Device:R","Resistor_SMD:R_0805_2012Metric","~"
"","","R46","200","Device:R","Resistor_SMD:R_0805_2012Metric","~"
"","","R47","10K","Device:R","Resistor_SMD:R_2512_6332Metric","~"
"","","R48","3.3K","Device:R","Resistor_SMD:R_1206_3216Metric","~"
"","","R49","3.3K","Device:R","Resistor_SMD:R_1206_3216Metric","~"
"","","R50","3.3K","Device:R","Resistor_SMD:R_1206_3216Metric","~"
"","","R51","10K","Device:R","Resistor_SMD:R_0805_2012Metric","~"
"","","R52","10K","Device:R","Resistor_SMD:R_0805_2012Metric","~"
"","","R53","10K","Device:R","Resistor_SMD:R_0805_2012Metric","~"
"","","R54","0","Device:R","Resistor_SMD:R_0805_2012Metric","~"
"","","R55","200","Device:R","Resistor_SMD:R_0805_2012Metric","~"
"","","R56","10K","Device:R","Resistor_SMD:R_2512_6332Metric","~"
"","","R57","0","Device:R","Resistor_SMD:R_0805_2012Metric","~"
"","","R58","200","Device:R","Resistor_SMD:R_0805_2012Metric","~"
"","","R59","10K","Device:R","Resistor_SMD:R_2512_6332Metric","~"
"","","R60","0","Device:R","Resistor_SMD:R_0805_2012Metric","~"
"","","R61","200","Device:R","Resistor_SMD:R_0805_2012Metric","~"
"","","R62","10K","Device:R","Resistor_SMD:R_2512_6332Metric","~"
"","","R63","3.3K","Device:R","Resistor_SMD:R_1206_3216Metric","~"
"","","R64","3.3K","Device:R","Resistor_SMD:R_1206_3216Metric","~"
"","","R65","3.3K","Device:R","Resistor_SMD:R_1206_3216Metric","~"
"","","R66","10K","Device:R","Resistor_SMD:R_0805_2012Metric","~"
"","","R67","0","Device:R","Resistor_SMD:R_0805_2012Metric","~"
"","","R68","200","Device:R","Resistor_SMD:R_0805_2012Metric","~"
"","","R69","10K","Device:R","Resistor_SMD:R_2512_6332Metric","~"
"","","R70","3.3K","Device:R","Resistor_SMD:R_1206_3216Metric","~"
"","","R71","10K","Device:R","Resistor_SMD:R_0805_2012Metric","~"
"","","R72","10K","Device:R","Resistor_SMD:R_0805_2012Metric","~"
"","","R73","10K","Device:R","Resistor_SMD:R_0805_2012Metric","~"
"","","R74","0","Device:R","Resistor_SMD:R_0805_2012Metric","~"
"","","R75","200","Device:R","Resistor_SMD:R_0805_2012Metric","~"
"","","R76","10K","Device:R","Resistor_SMD:R_2512_6332Metric","~"
"","","R77","0","Device:R","Resistor_SMD:R_0805_2012Metric","~"
"","","R78","200","Device:R","Resistor_SMD:R_0805_2012Metric","~"
"","","R79","10K","Device:R","Resistor_SMD:R_2512_6332Metric","~"
"","","R80","0","Device:R","Resistor_SMD:R_0805_2012Metric","~"
"","","R81","200","Device:R","Resistor_SMD:R_0805_2012Metric","~"
"","","R82","10K","Device:R","Resistor_SMD:R_2512_6332Metric","~"
"","","R83","3.3K","Device:R","Resistor_SMD:R_1206_3216Metric","~"
"","","R84","3.3K","Device:R","Resistor_SMD:R_1206_3216Metric","~"
"","","R85","3.3K","Device:R","Resistor_SMD:R_1206_3216Metric","~"
"","","R86","10K","Device:R","Resistor_SMD:R_0805_2012Metric","~"
"","","R87","10K","Device:R","Resistor_SMD:R_0805_2012Metric","~"
"","","R88","10K","Device:R","Resistor_SMD:R_0805_2012Metric","~"
"","","R89","0","Device:R","Resistor_SMD:R_0805_2012Metric","~"
"","","R90","200","Device:R","Resistor_SMD:R_0805_2012Metric","~"
"","","R91","10K","Device:R","Resistor_SMD:R_2512_6332Metric","~"
"","","R92","0","Device:R","Resistor_SMD:R_0805_2012Metric","~"
"","","R93","200","Device:R","Resistor_SMD:R_0805_2012Metric","~"
"","","R94","10K","Device:R","Resistor_SMD:R_2512_6332Metric","~"
"","","R95","0","Device:R","Resistor_SMD:R_0805_2012Metric","~"
"","","R96","200","Device:R","Resistor_SMD:R_0805_2012Metric","~"
"","","R97","10K","Device:R","Resistor_SMD:R_2512_6332Metric","~"
"","","R98","3.3K","Device:R","Resistor_SMD:R_1206_3216Metric","~"
"","","R99","3.3K","Device:R","Resistor_SMD:R_1206_3216Metric","~"
"","","R100","3.3K","Device:R","Resistor_SMD:R_1206_3216Metric","~"
"","","R101","10K","Device:R","Resistor_SMD:R_0805_2012Metric","~"
"","","R102","10K","Device:R","Resistor_SMD:R_0805_2012Metric","~"
"","","R103","10K","Device:R","Resistor_SMD:R_0805_2012Metric","~"
"","","R104","0","Device:R","Resistor_SMD:R_0805_2012Metric","~"
"","","R105","200","Device:R","Resistor_SMD:R_0805_2012Metric","~"
"","","R106","10K","Device:R","Resistor_SMD:R_2512_6332Metric","~"
"","","R107","0","Device:R","Resistor_SMD:R_0805_2012Metric","~"
"","","R108","200","Device:R","Resistor_SMD:R_0805_2012Metric","~"
"","","R109","10K","Device:R","Resistor_SMD:R_2512_6332Metric","~"
"","","R110","0","Device:R","Resistor_SMD:R_0805_2012Metric","~"
"","","R111","200","Device:R","Resistor_SMD:R_0805_2012Metric","~"
"","","R112","10K","Device:R","Resistor_SMD:R_2512_6332Metric","~"
"","","R113","3.3K","Device:R","Resistor_SMD:R_1206_3216Metric","~"
"","","R114","3.3K","Device:R","Resistor_SMD:R_1206_3216Metric","~"
"","","R115","3.3K","Device:R","Resistor_SMD:R_1206_3216Metric","~"
"","","R116","10K","Device:R","Resistor_SMD:R_0805_2012Metric","~"
"","","R117","10K","Device:R","Resistor_SMD:R_0805_2012Metric","~"
"","","R118","10K","Device:R","Resistor_SMD:R_0805_2012Metric","~"
"","","R119","0","Device:R","Resistor_SMD:R_0805_2012Metric","~"
"","","R120","200","Device:R","Resistor_SMD:R_0805_2012Metric","~"
"","","R121","10K","Device:R","Resistor_SMD:R_2512_6332Metric","~"
"","","R122","0","Device:R","Resistor_SMD:R_0805_2012Metric","~"
"","","R123","200","Device:R","Resistor_SMD:R_0805_2012Metric","~"
"","","R124","10K","Device:R","Resistor_SMD:R_2512_6332Metric","~"
"","","R125","0","Device:R","Resistor_SMD:R_0805_2012Metric","~"
"","","R126","200","Device:R","Resistor_SMD:R_0805_2012Metric","~"
"","","R127","10K","Device:R","Resistor_SMD:R_2512_6332Metric","~"
"","","R128","3.3K","Device:R","Resistor_SMD:R_1206_3216Metric","~"
"","","R129","3.3K","Device:R","Resistor_SMD:R_1206_3216Metric","~"
"","","R130","3.3K","Device:R","Resistor_SMD:R_1206_3216Metric","~"
"","","R131","10K","Device:R","Resistor_SMD:R_0805_2012Metric","~"
"","","R132","0","Device:R","Resistor_SMD:R_0805_2012Metric","~"
"","","R133","200","Device:R","Resistor_SMD:R_0805_2012Metric","~"
"","","R134","10K","Device:R","Resistor_SMD:R_2512_6332Metric","~"
"","","R135","3.3K","Device:R","Resistor_SMD:R_1206_3216Metric","~"
"","","R136","10K","Device:R","Resistor_SMD:R_0805_2012Metric","~"
"","","R137","10K","Device:R","Resistor_SMD:R_0805_2012Metric","~"
"","","R138","10K","Device:R","Resistor_SMD:R_0805_2012Metric","~"
"","","R139","0","Device:R","Resistor_SMD:R_0805_2012Metric","~"
"","","R140","200","Device:R","Resistor_SMD:R_0805_2012Metric","~"
"","","R141","10K","Device:R","Resistor_SMD:R_2512_6332Metric","~"
"","","R142","0","Device:R","Resistor_SMD:R_0805_2012Metric","~"
"","","R143","200","Device:R","Resistor_SMD:R_0805_2012Metric","~"
"","","R144","10K","Device:R","Resistor_SMD:R_2512_6332Metric","~"
"","","R145","0","Device:R","Resistor_SMD:R_0805_2012Metric","~"
"","","R146","200","Device:R","Resistor_SMD:R_0805_2012Metric","~"
"","","R147","10K","Device:R","Resistor_SMD:R_2512_6332Metric","~"
"","","R148","3.3K","Device:R","Resistor_SMD:R_1206_3216Metric","~"
"","","R149","3.3K","Device:R","Resistor_SMD:R_1206_3216Metric","~"
"","","R150","3.3K","Device:R","Resistor_SMD:R_1206_3216Metric","~"
"","","R151","10K","Device:R","Resistor_SMD:R_0805_2012Metric","~"
"","","R152","10K","Device:R","Resistor_SMD:R_0805_2012Metric","~"
"","","R153","10K","Device:R","Resistor_SMD:R_0805_2012Metric","~"
"","","R154","0","Device:R","Resistor_SMD:R_0805_2012Metric","~"
"","","R155","200","Device:R","Resistor_SMD:R_0805_2012Metric","~"
"","","R156","10K","Device:R","Resistor_SMD:R_2512_6332Metric","~"
"","","R157","0","Device:R","Resistor_SMD:R_0805_2012Metric","~"
"","","R158","200","Device:R","Resistor_SMD:R_0805_2012Metric","~"
"","","R159","10K","Device:R","Resistor_SMD:R_2512_6332Metric","~"
"","","R160","0","Device:R","Resistor_SMD:R_0805_2012Metric","~"
"","","R161","200","Device:R","Resistor_SMD:R_0805_2012Metric","~"
"","","R162","10K","Device:R","Resistor_SMD:R_2512_6332Metric","~"
"","","R163","3.3K","Device:R","Resistor_SMD:R_1206_3216Metric","~"
"","","R164","3.3K","Device:R","Resistor_SMD:R_1206_3216Metric","~"
"","","R165","3.3K","Device:R","Resistor_SMD:R_1206_3216Metric","~"
"","","R166","10K","Device:R","Resistor_SMD:R_0805_2012Metric","~"
"","","R167","10K","Device:R","Resistor_SMD:R_0805_2012Metric","~"
"","","R168","10K","Device:R","Resistor_SMD:R_0805_2012Metric","~"
"","","R169","0","Device:R","Resistor_SMD:R_0805_2012Metric","~"
"","","R170","200","Device:R","Resistor_SMD:R_0805_2012Metric","~"
"","","R171","10K","Device:R","Resistor_SMD:R_2512_6332Metric","~"
"","","R172","0","Device:R","Resistor_SMD:R_0805_2012Metric","~"
"","","R173","200","Device:R","Resistor_SMD:R_0805_2012Metric","~"
"","","R174","10K","Device:R","Resistor_SMD:R_2512_6332Metric","~"
"","","R175","0","Device:R","Resistor_SMD:R_0805_2012Metric","~"
"","","R176","200","Device:R","Resistor_SMD:R_0805_2012Metric","~"
"","","R177","10K","Device:R","Resistor_SMD:R_2512_6332Metric","~"
"","","R178","3.3K","Device:R","Resistor_SMD:R_1206_3216Metric","~"
"","","R179","3.3K","Device:R","Resistor_SMD:R_1206_3216Metric","~"
"","","R180","3.3K","Device:R","Resistor_SMD:R_1206_3216Metric","~"
"","","R181","10K","Device:R","Resistor_SMD:R_0805_2012Metric","~"
"","","R182","10K","Device:R","Resistor_SMD:R_0805_2012Metric","~"
"","","R183","10K","Device:R","Resistor_SMD:R_0805_2012Metric","~"
"","","R184","0","Device:R","Resistor_SMD:R_0805_2012Metric","~"
"","","R185","200","Device:R","Resistor_SMD:R_0805_2012Metric","~"
"","","R186","10K","Device:R","Resistor_SMD:R_2512_6332Metric","~"
"","","R187","0","Device:R","Resistor_SMD:R_0805_2012Metric","~"
"","","R188","200","Device:R","Resistor_SMD:R_0805_2012Metric","~"
"","","R189","10K","Device:R","Resistor_SMD:R_2512_6332Metric","~"
"","","R190","0","Device:R","Resistor_SMD:R_0805_2012Metric","~"
"","","R191","200","Device:R","Resistor_SMD:R_0805_2012Metric","~"
"","","R192","10K","Device:R","Resistor_SMD:R_2512_6332Metric","~"
"","","R193","3.3K","Device:R","Resistor_SMD:R_1206_3216Metric","~"
"","","R194","3.3K","Device:R","Resistor_SMD:R_1206_3216Metric","~"
"","","R195","3.3K","Device:R","Resistor_SMD:R_1206_3216Metric","~"
"","","R196","10K","Device:R","Resistor_SMD:R_0805_2012Metric","~"
"","","R197","0","Device:R","Resistor_SMD:R_0805_2012Metric","~"
"","","R198","200","Device:R","Resistor_SMD:R_0805_2012Metric","~"
"","","R199","10K","Device:R","Resistor_SMD:R_2512_6332Metric","~"
"","","R200","3.3K","Device:R","Resistor_SMD:R_1206_3216Metric","~"
"","","R201","10K","Device:R","Resistor_SMD:R_0805_2012Metric","~"
"","","R202","10K","Device:R","Resistor_SMD:R_0805_2012Metric","~"
"","","R203","0","Device:R","Resistor_SMD:R_0805_2012Metric","~"
"","","R204","200","Device:R","Resistor_SMD:R_0805_2012Metric","~"
"","","R205","10K","Device:R","Resistor_SMD:R_2512_6332Metric","~"
"","","R206","0","Device:R","Resistor_SMD:R_0805_2012Metric","~"
"","","R207","200","Device:R","Resistor_SMD:R_0805_2012Metric","~"
"","","R208","10K","Device:R","Resistor_SMD:R_2512_6332Metric","~"
"","","R209","3.3K","Device:R","Resistor_SMD:R_1206_3216Metric","~"
"","","R210","3.3K","Device:R","Resistor_SMD:R_1206_3216Metric","~"
"","","R211","1K","Device:R","Resistor_SMD:R_0805_2012Metric","~"
"","","R212","1K","Device:R","Resistor_SMD:R_0805_2012Metric","~"
"","","R213","0","Device:R","Resistor_SMD:R_0805_2012Metric","~"
"","","R214","0","Device:R","Resistor_SMD:R_0805_2012Metric","~"
"","","R215","10K","Device:R","Resistor_SMD:R_0805_2012Metric","~"
"","","R216","10K","Device:R","Resistor_SMD:R_0805_2012Metric","~"
"","","R217","0","Device:R","Resistor_SMD:R_0805_2012Metric","~"
"","","R218","200","Device:R","Resistor_SMD:R_0805_2012Metric","~"
"","","R219","10K","Device:R","Resistor_SMD:R_2512_6332Metric","~"
"","","R220","0","Device:R","Resistor_SMD:R_0805_2012Metric","~"
"","","R221","200","Device:R","Resistor_SMD:R_0805_2012Metric","~"
"","","R222","10K","Device:R","Resistor_SMD:R_2512_6332Metric","~"
"","","R223","3.3K","Device:R","Resistor_SMD:R_1206_3216Metric","~"
"","","R224","3.3K","Device:R","Resistor_SMD:R_1206_3216Metric","~"
"","","R225","1K","Device:R","Resistor_SMD:R_0805_2012Metric","~"
"","","R226","1K","Device:R","Resistor_SMD:R_0805_2012Metric","~"
"","","R227","0","Device:R","Resistor_SMD:R_0805_2012Metric","~"
"","","R228","0","Device:R","Resistor_SMD:R_0805_2012Metric","~"
"","","R229","10K","Device:R","Resistor_SMD:R_0805_2012Metric","~"
"","","R230","10K","Device:R","Resistor_SMD:R_0805_2012Metric","~"
"","","R231","0","Device:R","Resistor_SMD:R_0805_2012Metric","~"
"","","R232","200","Device:R","Resistor_SMD:R_0805_2012Metric","~"
"","","R233","10K","Device:R","Resistor_SMD:R_2512_6332Metric","~"
"","","R234","0","Device:R","Resistor_SMD:R_0805_2012Metric","~"
"","","R235","200","Device:R","Resistor_SMD:R_0805_2012Metric","~"
"","","R236","10K","Device:R","Resistor_SMD:R_2512_6332Metric","~"
"","","R237","3.3K","Device:R","Resistor_SMD:R_1206_3216Metric","~"
"","","R238","3.3K","Device:R","Resistor_SMD:R_1206_3216Metric","~"
"","","R239","1K","Device:R","Resistor_SMD:R_0805_2012Metric","~"
"","","R240","1K","Device:R","Resistor_SMD:R_0805_2012Metric","~"
"","","R241","0","Device:R","Resistor_SMD:R_0805_2012Metric","~"
"","","R242","0","Device:R","Resistor_SMD:R_0805_2012Metric","~"
"","","R243","1K","Device:R","Resistor_SMD:R_0805_2012Metric","~"
"","","R244","10K","Device:R","Resistor_SMD:R_0805_2012Metric","~"
"","","R245","0","Device:R","Resistor_SMD:R_0805_2012Metric","~"
"","","R246","200","Device:R","Resistor_SMD:R_0805_2012Metric","~"
"","","R247","10K","Device:R","Resistor_SMD:R_2512_6332Metric","~"
"","","R248","0","Device:R","Resistor_SMD:R_0805_2012Metric","~"
"","","R249","3.3K","Device:R","Resistor_SMD:R_1206_3216Metric","~"
"","","R250","1K","Device:R","Resistor_SMD:R_0805_2012Metric","~"
"","","R251","1K","Device:R","Resistor_SMD:R_0805_2012Metric","~"
"","","R252","0","Device:R","Resistor_SMD:R_0805_2012Metric","~"
"","","R253","0","Device:R","Resistor_SMD:R_0805_2012Metric","~"
"","","R254","1K","Device:R","Resistor_SMD:R_0805_2012Metric","~"
"","","R255","10K","Device:R","Resistor_SMD:R_0805_2012Metric","~"
"","","R256","0","Device:R","Resistor_SMD:R_0805_2012Metric","~"
"","","R257","200","Device:R","Resistor_SMD:R_0805_2012Metric","~"
"","","R258","10K","Device:R","Resistor_SMD:R_2512_6332Metric","~"
"","","R259","0","Device:R","Resistor_SMD:R_0805_2012Metric","~"
"","","R260","3.3K","Device:R","Resistor_SMD:R_1206_3216Metric","~"
"","","R261","1K","Device:R","Resistor_SMD:R_0805_2012Metric","~"
"","","R262","1K","Device:R","Resistor_SMD:R_0805_2012Metric","~"
"","","R263","1K","Device:R","Resistor_SMD:R_0805_2012Metric","~"
"","","R264","1K","Device:R","Resistor_SMD:R_0805_2012Metric","~"
"","","R265","0","Device:R","Resistor_SMD:R_0805_2012Metric","~"
"","","R266","0","Device:R","Resistor_SMD:R_0805_2012Metric","~"
"","","R267","0","Device:R","Resistor_SMD:R_0805_2012Metric","~"
"","","R268","0","Device:R","Resistor_SMD:R_0805_2012Metric","~"
"","","R269","1K","Device:R","Resistor_SMD:R_0805_2012Metric","~"
"","","R270","1K","Device:R","Resistor_SMD:R_0805_2012Metric","~"
"","","R271","1K","Device:R","Resistor_SMD:R_0805_2012Metric","~"
"","","R272","1K","Device:R","Resistor_SMD:R_0805_2012Metric","~"
"","","R273","0","Device:R","Resistor_SMD:R_0805_2012Metric","~"
"","","R274","0","Device:R","Resistor_SMD:R_0805_2012Metric","~"
"","","R275","0","Device:R","Resistor_SMD:R_0805_2012Metric","~"
"","","R276","0","Device:R","Resistor_SMD:R_0805_2012Metric","~"
"","","R277","1K","Device:R","Resistor_SMD:R_0805_2012Metric","~"
"","","R278","1K","Device:R","Resistor_SMD:R_0805_2012Metric","~"
"","","R279","1K","Device:R","Resistor_SMD:R_0805_2012Metric","~"
"","","R280","1K","Device:R","Resistor_SMD:R_0805_2012Metric","~"
"","","R281","0","Device:R","Resistor_SMD:R_0805_2012Metric","~"
"","","R282","0","Device:R","Resistor_SMD:R_0805_2012Metric","~"
"","","R283","0","Device:R","Resistor_SMD:R_0805_2012Metric","~"
"","","R284","0","Device:R","Resistor_SMD:R_0805_2012Metric","~"
"","","R285","1K","Device:R","Resistor_SMD:R_0805_2012Metric","~"
"","","R286","1K","Device:R","Resistor_SMD:R_0805_2012Metric","~"
"","","R287","1K","Device:R","Resistor_SMD:R_0805_2012Metric","~"
"","","R288","1K","Device:R","Resistor_SMD:R_0805_2012Metric","~"
"","","R289","0","Device:R","Resistor_SMD:R_0805_2012Metric","~"
"","","R290","0","Device:R","Resistor_SMD:R_0805_2012Metric","~"
"","","R291","0","Device:R","Resistor_SMD:R_0805_2012Metric","~"
"","","R292","0","Device:R","Resistor_SMD:R_0805_2012Metric","~"
"","","U1","ULN2803A","Transistor_Array:ULN2803A","Package_SO:SOIC-18W_7.5x11.6mm_P1.27mm","http://www.ti.com/lit/ds/symlink/uln2803a.pdf"
"","","U2","ULN2803A","Transistor_Array:ULN2803A","Package_SO:SOIC-18W_7.5x11.6mm_P1.27mm","http://www.ti.com/lit/ds/symlink/uln2803a.pdf"
"","","U3","STM32F100VETx","MCU_ST_STM32F1:STM32F100VETx","Package_QFP:LQFP-100_14x14mm_P0.5mm","http://www.st.com/st-web-ui/static/active/en/resource/technical/document/datasheet/CD00212417.pdf"
"","","U4","ULN2803A","Transistor_Array:ULN2803A","Package_SO:SOIC-18W_7.5x11.6mm_P1.27mm","http://www.ti.com/lit/ds/symlink/uln2803a.pdf"
"","","U5","ULN2803A","Transistor_Array:ULN2803A","Package_SO:SOIC-18W_7.5x11.6mm_P1.27mm","http://www.ti.com/lit/ds/symlink/uln2803a.pdf"
"","","U6","L7805","Regulator_Linear:L7805","Package_TO_SOT_THT:TO-220-3_Vertical","http://www.st.com/content/ccc/resource/technical/document/datasheet/41/4f/b3/b0/12/d4/47/88/CD00000444.pdf/files/CD00000444.pdf/jcr:content/translations/en.CD00000444.pdf"
"","","U7","LD1117S33TR_SOT223","Regulator_Linear:LD1117S33TR_SOT223","Package_TO_SOT_SMD:SOT-223-3_TabPin2","http://www.st.com/st-web-ui/static/active/en/resource/technical/document/datasheet/CD00000544.pdf"
"","","U8","EL817","Isolator:EL817","Package_DIP:DIP-4_W7.62mm","http://www.everlight.com/file/ProductFile/EL817.pdf"
"","","U9","EL817","Isolator:EL817","Package_DIP:DIP-4_W7.62mm","http://www.everlight.com/file/ProductFile/EL817.pdf"
"","","U10","EL817","Isolator:EL817","Package_DIP:DIP-4_W7.62mm","http://www.everlight.com/file/ProductFile/EL817.pdf"
"","","U11","EL817","Isolator:EL817","Package_DIP:DIP-4_W7.62mm","http://www.everlight.com/file/ProductFile/EL817.pdf"
"","","U12","EL817","Isolator:EL817","Package_DIP:DIP-4_W7.62mm","http://www.everlight.com/file/ProductFile/EL817.pdf"
"","","U13","EL817","Isolator:EL817","Package_DIP:DIP-4_W7.62mm","http://www.everlight.com/file/ProductFile/EL817.pdf"
"","","U14","EL817","Isolator:EL817","Package_DIP:DIP-4_W7.62mm","http://www.everlight.com/file/ProductFile/EL817.pdf"
"","","U15","EL817","Isolator:EL817","Package_DIP:DIP-4_W7.62mm","http://www.everlight.com/file/ProductFile/EL817.pdf"
"","","U16","EL817","Isolator:EL817","Package_DIP:DIP-4_W7.62mm","http://www.everlight.com/file/ProductFile/EL817.pdf"
"","","U17","EL817","Isolator:EL817","Package_DIP:DIP-4_W7.62mm","http://www.everlight.com/file/ProductFile/EL817.pdf"
"","","U18","EL817","Isolator:EL817","Package_DIP:DIP-4_W7.62mm","http://www.everlight.com/file/ProductFile/EL817.pdf"
"","","U19","EL817","Isolator:EL817","Package_DIP:DIP-4_W7.62mm","http://www.everlight.com/file/ProductFile/EL817.pdf"
"","","U20","EL817","Isolator:EL817","Package_DIP:DIP-4_W7.62mm","http://www.everlight.com/file/ProductFile/EL817.pdf"
"","","U21","EL817","Isolator:EL817","Package_DIP:DIP-4_W7.62mm","http://www.everlight.com/file/ProductFile/EL817.pdf"
"","","U22","EL817","Isolator:EL817","Package_DIP:DIP-4_W7.62mm","http://www.everlight.com/file/ProductFile/EL817.pdf"
"","","U23","EL817","Isolator:EL817","Package_DIP:DIP-4_W7.62mm","http://www.everlight.com/file/ProductFile/EL817.pdf"
"","","U24","EL817","Isolator:EL817","Package_DIP:DIP-4_W7.62mm","http://www.everlight.com/file/ProductFile/EL817.pdf"
"","","U25","EL817","Isolator:EL817","Package_DIP:DIP-4_W7.62mm","http://www.everlight.com/file/ProductFile/EL817.pdf"
"","","U26","EL817","Isolator:EL817","Package_DIP:DIP-4_W7.62mm","http://www.everlight.com/file/ProductFile/EL817.pdf"
"","","U27","EL817","Isolator:EL817","Package_DIP:DIP-4_W7.62mm","http://www.everlight.com/file/ProductFile/EL817.pdf"
"","","U28","EL817","Isolator:EL817","Package_DIP:DIP-4_W7.62mm","http://www.everlight.com/file/ProductFile/EL817.pdf"
"","","U29","EL817","Isolator:EL817","Package_DIP:DIP-4_W7.62mm","http://www.everlight.com/file/ProductFile/EL817.pdf"
"","","U30","EL817","Isolator:EL817","Package_DIP:DIP-4_W7.62mm","http://www.everlight.com/file/ProductFile/EL817.pdf"
"","","U31","EL817","Isolator:EL817","Package_DIP:DIP-4_W7.62mm","http://www.everlight.com/file/ProductFile/EL817.pdf"
"","","U32","EL817","Isolator:EL817","Package_DIP:DIP-4_W7.62mm","http://www.everlight.com/file/ProductFile/EL817.pdf"
"","","U33","EL817","Isolator:EL817","Package_DIP:DIP-4_W7.62mm","http://www.everlight.com/file/ProductFile/EL817.pdf"
"","","U34","EL817","Isolator:EL817","Package_DIP:DIP-4_W7.62mm","http://www.everlight.com/file/ProductFile/EL817.pdf"
"","","U35","EL817","Isolator:EL817","Package_DIP:DIP-4_W7.62mm","http://www.everlight.com/file/ProductFile/EL817.pdf"
"","","U36","EL817","Isolator:EL817","Package_DIP:DIP-4_W7.62mm","http://www.everlight.com/file/ProductFile/EL817.pdf"
"","","U37","EL817","Isolator:EL817","Package_DIP:DIP-4_W7.62mm","http://www.everlight.com/file/ProductFile/EL817.pdf"
"","","U38","EL817","Isolator:EL817","Package_DIP:DIP-4_W7.62mm","http://www.everlight.com/file/ProductFile/EL817.pdf"
"","","U39","EL817","Isolator:EL817","Package_DIP:DIP-4_W7.62mm","http://www.everlight.com/file/ProductFile/EL817.pdf"
"","","U40","EL817","Isolator:EL817","Package_DIP:DIP-4_W7.62mm","http://www.everlight.com/file/ProductFile/EL817.pdf"
"","","U41","EL817","Isolator:EL817","Package_DIP:DIP-4_W7.62mm","http://www.everlight.com/file/ProductFile/EL817.pdf"
"","","U42","EL817","Isolator:EL817","Package_DIP:DIP-4_W7.62mm","http://www.everlight.com/file/ProductFile/EL817.pdf"
"","","U43","EL817","Isolator:EL817","Package_DIP:DIP-4_W7.62mm","http://www.everlight.com/file/ProductFile/EL817.pdf"
"","","U44","EL817","Isolator:EL817","Package_DIP:DIP-4_W7.62mm","http://www.everlight.com/file/ProductFile/EL817.pdf"
"","","U45","EL817","Isolator:EL817","Package_DIP:DIP-4_W7.62mm","http://www.everlight.com/file/ProductFile/EL817.pdf"
"","","U46","EL817","Isolator:EL817","Package_DIP:DIP-4_W7.62mm","http://www.everlight.com/file/ProductFile/EL817.pdf"
"","","U47","EL817","Isolator:EL817","Package_DIP:DIP-4_W7.62mm","http://www.everlight.com/file/ProductFile/EL817.pdf"
"","","U48","EL817","Isolator:EL817","Package_DIP:DIP-4_W7.62mm","http://www.everlight.com/file/ProductFile/EL817.pdf"
"","","U49","PC817","Isolator:PC817","Package_DIP:DIP-4_W7.62mm","http://www.soselectronic.cz/a_info/resource/d/pc817.pdf"
"","","U50","PC817","Isolator:PC817","Package_DIP:DIP-4_W7.62mm","http://www.soselectronic.cz/a_info/resource/d/pc817.pdf"
"","","U51","EL817","Isolator:EL817","Package_DIP:DIP-4_W7.62mm","http://www.everlight.com/file/ProductFile/EL817.pdf"
"","","U52","EL817","Isolator:EL817","Package_DIP:DIP-4_W7.62mm","http://www.everlight.com/file/ProductFile/EL817.pdf"
"","","U53","PC817","Isolator:PC817","Package_DIP:DIP-4_W7.62mm","http://www.soselectronic.cz/a_info/resource/d/pc817.pdf"
"","","U54","PC817","Isolator:PC817","Package_DIP:DIP-4_W7.62mm","http://www.soselectronic.cz/a_info/resource/d/pc817.pdf"
"","","U55","EL817","Isolator:EL817","Package_DIP:DIP-4_W7.62mm","http://www.everlight.com/file/ProductFile/EL817.pdf"
"","","U56","EL817","Isolator:EL817","Package_DIP:DIP-4_W7.62mm","http://www.everlight.com/file/ProductFile/EL817.pdf"
"","","U57","PC817","Isolator:PC817","Package_DIP:DIP-4_W7.62mm","http://www.soselectronic.cz/a_info/resource/d/pc817.pdf"
"","","U58","PC817","Isolator:PC817","Package_DIP:DIP-4_W7.62mm","http://www.soselectronic.cz/a_info/resource/d/pc817.pdf"
"","","U59","PC817","Isolator:PC817","Package_DIP:DIP-4_W7.62mm","http://www.soselectronic.cz/a_info/resource/d/pc817.pdf"
"","","U60","EL817","Isolator:EL817","Package_DIP:DIP-4_W7.62mm","http://www.everlight.com/file/ProductFile/EL817.pdf"
"","","U61","PC817","Isolator:PC817","Package_DIP:DIP-4_W7.62mm","http://www.soselectronic.cz/a_info/resource/d/pc817.pdf"
"","","U62","PC817","Isolator:PC817","Package_DIP:DIP-4_W7.62mm","http://www.soselectronic.cz/a_info/resource/d/pc817.pdf"
"","","U63","PC817","Isolator:PC817","Package_DIP:DIP-4_W7.62mm","http://www.soselectronic.cz/a_info/resource/d/pc817.pdf"
"","","U64","EL817","Isolator:EL817","Package_DIP:DIP-4_W7.62mm","http://www.everlight.com/file/ProductFile/EL817.pdf"
"","","U65","PC817","Isolator:PC817","Package_DIP:DIP-4_W7.62mm","http://www.soselectronic.cz/a_info/resource/d/pc817.pdf"
"","","U66","PC817","Isolator:PC817","Package_DIP:DIP-4_W7.62mm","http://www.soselectronic.cz/a_info/resource/d/pc817.pdf"
"","","U67","PC817","Isolator:PC817","Package_DIP:DIP-4_W7.62mm","http://www.soselectronic.cz/a_info/resource/d/pc817.pdf"
"","","U68","PC817","Isolator:PC817","Package_DIP:DIP-4_W7.62mm","http://www.soselectronic.cz/a_info/resource/d/pc817.pdf"
"","","U69","PC817","Isolator:PC817","Package_DIP:DIP-4_W7.62mm","http://www.soselectronic.cz/a_info/resource/d/pc817.pdf"
"","","U70","PC817","Isolator:PC817","Package_DIP:DIP-4_W7.62mm","http://www.soselectronic.cz/a_info/resource/d/pc817.pdf"
"","","U71","PC817","Isolator:PC817","Package_DIP:DIP-4_W7.62mm","http://www.soselectronic.cz/a_info/resource/d/pc817.pdf"
"","","U72","PC817","Isolator:PC817","Package_DIP:DIP-4_W7.62mm","http://www.soselectronic.cz/a_info/resource/d/pc817.pdf"
"","","U73","PC817","Isolator:PC817","Package_DIP:DIP-4_W7.62mm","http://www.soselectronic.cz/a_info/resource/d/pc817.pdf"
"","","U74","PC817","Isolator:PC817","Package_DIP:DIP-4_W7.62mm","http://www.soselectronic.cz/a_info/resource/d/pc817.pdf"
"","","U75","PC817","Isolator:PC817","Package_DIP:DIP-4_W7.62mm","http://www.soselectronic.cz/a_info/resource/d/pc817.pdf"
"","","U76","PC817","Isolator:PC817","Package_DIP:DIP-4_W7.62mm","http://www.soselectronic.cz/a_info/resource/d/pc817.pdf"
"","","U77","PC817","Isolator:PC817","Package_DIP:DIP-4_W7.62mm","http://www.soselectronic.cz/a_info/resource/d/pc817.pdf"
"","","U78","PC817","Isolator:PC817","Package_DIP:DIP-4_W7.62mm","http://www.soselectronic.cz/a_info/resource/d/pc817.pdf"
"","","U79","PC817","Isolator:PC817","Package_DIP:DIP-4_W7.62mm","http://www.soselectronic.cz/a_info/resource/d/pc817.pdf"
"","","U80","PC817","Isolator:PC817","Package_DIP:DIP-4_W7.62mm","http://www.soselectronic.cz/a_info/resource/d/pc817.pdf"
"","","Y1","8MHz","Device:Resonator","Crystal:Resonator_SMD_Murata_CSTxExxV-3Pin_3.0x1.1mm","~"



"Collated Components:"

"Item","Qty","Reference(s)","Value","LibPart","Footprint","Datasheet"
"1","1","A1","USR-TCP232-T2","MY_COMPONENTS:USR-TCP232-T2","MY_LIBRARYS:USR-TCP232-T2_MODUL","https://www.pusr.com/download/M0/USR-TCP232-T2-User-Manual-V1.1.pdf"
"2","14","C1, C2, C4, C5, C6, C7, C8, C9, C12, C13, C14, C15, C18, C20","100nF","Device:C","Capacitor_SMD:C_0805_2012Metric","~"
"3","1","C3","4.7uF","Device:C","Capacitor_SMD:C_0805_2012Metric","~"
"4","1","C10","1uF","Device:C","Capacitor_SMD:C_0805_2012Metric","~"
"5","1","C11","10nF","Device:C","Capacitor_SMD:C_0805_2012Metric","~"
"6","1","C16","220uF, 10V","Device:C_Polarized","Capacitor_THT:C_Radial_D6.3mm_H11.0mm_P2.50mm","~"
"7","1","C17","220uF 50V","Device:C_Polarized","Capacitor_THT:C_Radial_D10.0mm_H12.5mm_P5.00mm","~"
"8","1","C19","220uF 10V","Device:C_Polarized","Capacitor_THT:C_Radial_D6.3mm_H11.0mm_P2.50mm","~"
"9","73","D1, D2, D3, D4, D5, D6, D7, D8, D9, D10, D11, D12, D13, D14, D15, D16, D17, D18, D19, D20, D21, D22, D23, D24, D27, D28, D29, D30, D31, D38, D39, D40, D47, D48, D49, D56, D57, D58, D65, D68, D69, D70, D77, D78, D79, D86, D87, D88, D95, D96, D97, D104, D107, D108, D109, D116, D117, D118, D125, D126, D127, D134, D135, D136, D143, D146, D147, D154, D155, D162, D163, D170, D176","1N4007","Diode:1N4007","Diode_THT:D_DO-41_SOD81_P10.16mm_Horizontal","http://www.vishay.com/docs/88503/1n4001.pdf"
"10","1","D25","S5M","Device:D","Diode_SMD:D_SMC","~"
"11","1","D26","BZX55-C7V5","Device:D_Zener","Diode_SMD:D_SOD-123","~"
"12","46","D32, D34, D36, D41, D43, D45, D50, D52, D54, D59, D61, D63, D66, D73, D75, D80, D82, D84, D89, D91, D93, D98, D100, D102, D105, D110, D112, D114, D119, D121, D123, D128, D130, D132, D137, D139, D141, D144, D148, D150, D156, D158, D164, D166, D172, D178","LED_GREEN_3mm","LED:IR204A","LED_THT:LED_D3.0mm","http://www.everlight.com/file/ProductFile/IR204-A.pdf"
"13","47","D33, D35, D37, D42, D44, D46, D51, D53, D55, D60, D62, D64, D67, D72, D74, D76, D81, D83, D85, D90, D92, D94, D99, D101, D103, D106, D111, D113, D115, D120, D122, D124, D129, D131, D133, D138, D140, D142, D145, D149, D151, D157, D159, D165, D167, D173, D179","BZX55-C5V1","Device:D_Zener","Diode_THT:D_DO-35_SOD27_P2.54mm_Vertical_AnodeUp","~"
"14","1","D71","IR204A","LED:IR204A","LED_THT:LED_D3.0mm_IRBlack","http://www.everlight.com/file/ProductFile/IR204-A.pdf"
"15","26","D152, D153, D160, D161, D168, D169, D171, D174, D175, D177, D180, D181, D182, D183, D184, D185, D186, D187, D188, D189, D190, D191, D192, D193, D194, D195","LED_GREEN_3mm","Device:LED","LED_THT:LED_D3.0mm","~"
"16","1","HS1","Heatsink","Mechanical:Heatsink","Heatsink:Heatsink_AAVID_TV5G_TO220_Horizontal","~"
"17","1","J1","Screw_Terminal_01x05","Connector:Screw_Terminal_01x05","Connector_PinHeader_2.54mm:PinHeader_1x05_P2.54mm_Vertical","~"
"18","25","J2, J3, J4, J5, J6, J7, J8, J9, J10, J11, J12, J13, J14, J15, J16, J17, J18, J19, J20, J21, J22, J23, J24, J25, J26","Relay OUT","Connector:Screw_Terminal_01x03","MY_LIBRARYS:DG306-5.0-03P-12-00A","~"
"19","1","L1","100MHz-600","Device:L","Inductor_SMD:L_0805_2012Metric_Pad1.05x1.20mm_HandSolder","~"
"20","1","R1","10K","Device:R","Capacitor_SMD:C_0805_2012Metric","~"
"21","75","R2, R3, R9, R12, R15, R24, R27, R30, R39, R42, R45, R54, R57, R60, R67, R74, R77, R80, R89, R92, R95, R104, R107, R110, R119, R122, R125, R132, R139, R142, R145, R154, R157, R160, R169, R172, R175, R184, R187, R190, R197, R203, R206, R213, R214, R217, R220, R227, R228, R231, R234, R241, R242, R245, R248, R252, R253, R256, R259, R265, R266, R267, R268, R273, R274, R275, R276, R281, R282, R283, R284, R289, R290, R291, R292","0","Device:R","Resistor_SMD:R_0805_2012Metric","~"
"22","1","R4","100K","Device:R","Resistor_SMD:R_2512_6332Metric","~"
"23","1","R5","47K","Device:R","Resistor_SMD:R_2512_6332Metric","~"
"24","47","R6, R7, R8, R21, R22, R23, R36, R37, R38, R51, R52, R53, R66, R71, R72, R73, R86, R87, R88, R101, R102, R103, R116, R117, R118, R131, R136, R137, R138, R151, R152, R153, R166, R167, R168, R181, R182, R183, R196, R201, R202, R215, R216, R229, R230, R244, R255","10K","Device:R","Resistor_SMD:R_0805_2012Metric","~"
"25","47","R10, R13, R16, R25, R28, R31, R40, R43, R46, R55, R58, R61, R68, R75, R78, R81, R90, R93, R96, R105, R108, R111, R120, R123, R126, R133, R140, R143, R146, R155, R158, R161, R170, R173, R176, R185, R188, R191, R198, R204, R207, R218, R221, R232, R235, R246, R257","200","Device:R","Resistor_SMD:R_0805_2012Metric","~"
"26","47","R11, R14, R17, R26, R29, R32, R41, R44, R47, R56, R59, R62, R69, R76, R79, R82, R91, R94, R97, R106, R109, R112, R121, R124, R127, R134, R141, R144, R147, R156, R159, R162, R171, R174, R177, R186, R189, R192, R199, R205, R208, R219, R222, R233, R236, R247, R258","10K","Device:R","Resistor_SMD:R_2512_6332Metric","~"
"27","47","R18, R19, R20, R33, R34, R35, R48, R49, R50, R63, R64, R65, R70, R83, R84, R85, R98, R99, R100, R113, R114, R115, R128, R129, R130, R135, R148, R149, R150, R163, R164, R165, R178, R179, R180, R193, R194, R195, R200, R209, R210, R223, R224, R237, R238, R249, R260","3.3K","Device:R","Resistor_SMD:R_1206_3216Metric","~"
"28","26","R211, R212, R225, R226, R239, R240, R243, R250, R251, R254, R261, R262, R263, R264, R269, R270, R271, R272, R277, R278, R279, R280, R285, R286, R287, R288","1K","Device:R","Resistor_SMD:R_0805_2012Metric","~"
"29","4","U1, U2, U4, U5","ULN2803A","Transistor_Array:ULN2803A","Package_SO:SOIC-18W_7.5x11.6mm_P1.27mm","http://www.ti.com/lit/ds/symlink/uln2803a.pdf"
"30","1","U3","STM32F100VETx","MCU_ST_STM32F1:STM32F100VETx","Package_QFP:LQFP-100_14x14mm_P0.5mm","http://www.st.com/st-web-ui/static/active/en/resource/technical/document/datasheet/CD00212417.pdf"
"31","1","U6","L7805","Regulator_Linear:L7805","Package_TO_SOT_THT:TO-220-3_Vertical","http://www.st.com/content/ccc/resource/technical/document/datasheet/41/4f/b3/b0/12/d4/47/88/CD00000444.pdf/files/CD00000444.pdf/jcr:content/translations/en.CD00000444.pdf"
"32","1","U7","LD1117S33TR_SOT223","Regulator_Linear:LD1117S33TR_SOT223","Package_TO_SOT_SMD:SOT-223-3_TabPin2","http://www.st.com/st-web-ui/static/active/en/resource/technical/document/datasheet/CD00000544.pdf"
"33","47","U8, U9, U10, U11, U12, U13, U14, U15, U16, U17, U18, U19, U20, U21, U22, U23, U24, U25, U26, U27, U28, U29, U30, U31, U32, U33, U34, U35, U36, U37, U38, U39, U40, U41, U42, U43, U44, U45, U46, U47, U48, U51, U52, U55, U56, U60, U64","EL817","Isolator:EL817","Package_DIP:DIP-4_W7.62mm","http://www.everlight.com/file/ProductFile/EL817.pdf"
"34","26","U49, U50, U53, U54, U57, U58, U59, U61, U62, U63, U65, U66, U67, U68, U69, U70, U71, U72, U73, U74, U75, U76, U77, U78, U79, U80","PC817","Isolator:PC817","Package_DIP:DIP-4_W7.62mm","http://www.soselectronic.cz/a_info/resource/d/pc817.pdf"
"35","1","Y1","8MHz","Device:Resonator","Crystal:Resonator_SMD_Murata_CSTxExxV-3Pin_3.0x1.1mm","~"
